"term","estimate","std.error","statistic","p.value","conf.low","conf.high","estimate_exp","conf.low_exp","conf.high_exp","adj_p","outcome"
"(Intercept)",-5.42884917243568,0.611488262316694,-8.87809220060554,6.80168501678745e-19,-6.62734414354538,-4.23035420132597,0.0043881428937443,0.00132367390973192,0.0145472369851411,2.17653920537198e-17,"why_q"
"genderFemale",0.0380488916139714,0.123799884381232,0.307341899422159,0.758583146801049,-0.204594423063465,0.280692206291408,1.03878201936646,0.814977785585169,1.32404600817957,1,"why_q"
"genderNon-binary / third gender",-0.105191500330029,0.554579227951978,-0.189678038823224,0.849561430866007,-1.19214681368993,0.981763813029877,0.900152126650523,0.303568858239685,2.6691599916145,1,"why_q"
"genderPrefer not to say",-12.3535533515967,0.24383173136701,-50.6642563801608,0,-12.8314547633641,-11.8756519398293,4.31439543246233e-06,2.67528467327108e-06,6.9577671989921e-06,0,"why_q"
"age_group25-34 years old",0.845859762985523,0.226094727973556,3.74117419971179,0.000183162506523614,0.402722239062972,1.28899728690807,2.3299801843847,1.49589133377482,3.62914573876566,0.00586120020875566,"why_q"
"age_group35-44 years old",0.746767231162854,0.260897097627741,2.86230562912728,0.00420571134780952,0.235418316141451,1.25811614618426,2.1101672951858,1.26543801117593,3.51878636041121,0.134582763129905,"why_q"
"age_group45-54 years old",0.987590820252199,0.256985535215812,3.84298213291592,0.000121548320680925,0.483908426681458,1.49127321382294,2.68475860865397,1.62240307001645,4.44274848830784,0.00388954626178961,"why_q"
"age_group55-64 years old",1.27486212353507,0.252881309584155,5.04134578246012,4.62269309312104e-07,0.779223864386803,1.77050038268334,3.57820802541597,2.17977980405851,5.8737917698441,1.47926178979873e-05,"why_q"
"age_group65+ years old",1.15861291336033,0.296281063888716,3.91051961996298,9.20977785001567e-05,0.577912698837236,1.73931312788342,3.18551162959979,1.78231431868066,5.69343142001297,0.00294712891200501,"why_q"
"birth_regionAfrica",-0.166924407894019,0.318852769437568,-0.523515628195613,0.600615478328828,-0.791864352362506,0.458015536574467,0.846263579765613,0.452999456915204,1.58093356516268,1,"why_q"
"birth_regionAmericas",0.251689873926893,0.164351619327381,1.5314109770074,0.125667852854428,-0.0704333807556105,0.573813128609397,1.28619709217296,0.931989825915684,1.77502255272885,1,"why_q"
"birth_regionAsia",0.597263999490394,0.280300257191982,2.13080075442571,0.0331055601873057,0.0478855905367956,1.14664240844399,1.81714029612481,1.0490506271393,3.14760676975614,1,"why_q"
"birth_regionOceania",0.284077536233705,0.215722838495562,1.31686351901748,0.187884376736586,-0.138731457860347,0.706886530327757,1.32853593643226,0.870461752736004,2.0276683367698,1,"why_q"
"birth_regionPrefer not to say",-12.1504644222312,0.311557987295677,-38.9990464622565,0,-12.7611068564265,-11.5398219880359,5.28591711379633e-06,2.87026311002879e-06,9.7346196717292e-06,0,"why_q"
"religion_mainChristian",-0.142944352516521,0.158113114205891,-0.904063861081014,0.365961539780214,-0.452840361843536,0.166951656810494,0.866802302920257,0.635819626598157,1.18169713691886,1,"why_q"
"religion_mainJewish",-0.809402067159356,0.473422177334493,-1.70968346205606,0.0873244225394548,-1.7372924842175,0.118488349898786,0.44512414100966,0.175996268791413,1.12579375841435,1,"why_q"
"religion_mainMuslim",0.108080964624969,0.401863981233683,0.268949121275242,0.78796883577606,-0.67955796527693,0.895719894526869,1.11413794749591,0.506840984169943,2.44909824741836,1,"why_q"
"religion_mainOther",-1.71762292096703,0.737504564194241,-2.32896581846055,0.0198608765834236,-3.16310530522166,-0.272140536712413,0.179492308605364,0.0422942005476561,0.76174720011982,0.635548050669556,"why_q"
"religion_mainPrefer not to say",-0.141616526520631,0.328874653326382,-0.430609428511014,0.666752384423731,-0.786199002468436,0.502965949427174,0.867954030028749,0.45557314086672,1.65361855356513,1,"why_q"
"conversation_typecontroversy guided",1.17519186282197,0.139166984280696,8.44447315500954,3.05419740109475e-17,0.902429585794753,1.44795413984918,3.23876428268511,2.465586193199,4.25440169470895,9.77343168350319e-16,"why_q"
"conversation_typevalues guided",0.856866130298867,0.146316349838392,5.8562568793254,4.73415780565564e-09,0.570091354266256,1.14364090633148,2.35576644836127,1.76842859755161,3.13817338563067,1.5149304978098e-07,"why_q"
"ethnicity_mainAsian",-0.238405994000778,0.286233988022416,-0.832905957981859,0.404897769207984,-0.799414301675983,0.322602313674426,0.787882750481168,0.449592212422958,1.38071614977571,1,"why_q"
"ethnicity_mainBlack",0.20850476862535,0.269244804915234,0.774405911716638,0.438690788784356,-0.319205352033021,0.736214889283721,1.23183480420561,0.72672629925946,2.08801716189236,1,"why_q"
"ethnicity_mainHispanic",-0.441486079452629,0.303933949192965,-1.45257244419357,0.146342501526576,-1.03718567354987,0.15421351464461,0.643080042594244,0.354450819890318,1.16673997625675,1,"why_q"
"ethnicity_mainMixed",0.586991612435079,0.238762918341931,2.45847058878067,0.0139530204870654,0.119024891641216,1.05495833322894,1.79856947430617,1.12639795583318,2.87185549046314,0.446496655586091,"why_q"
"ethnicity_mainOther",-0.351919496537288,0.368065690766844,-0.956132302916047,0.339005396505631,-1.07331499438516,0.369476001310583,0.703336740740389,0.341873328721048,1.4469762023435,1,"why_q"
"ethnicity_mainPrefer not to say",-0.178227093858733,0.32756988429881,-0.544088765181339,0.586380391229524,-0.820252269504352,0.463798081786886,0.836752380583885,0.440320561044151,1.59010186749511,1,"why_q"
"education_recodeCompleted Secondary School",1.14513539845885,0.561750453901271,2.03851263582621,0.0414986923850962,0.0441247405133294,2.24614605640437,3.14286686736199,1.04511271465422,9.45124100727245,1,"why_q"
"education_recodeGraduate / Professional degree",0.653911818259131,0.55470190548101,1.17885266266048,0.238456850014714,-0.43328393863939,1.74110757515765,1.9230487518457,0.648376366562743,5.70365715453241,1,"why_q"
"education_recodeSome University but no degree",1.23047154792586,0.564257028465131,2.18069334691841,0.0292061054689213,0.124548094110615,2.33639500174111,3.42284319040914,1.13263649229509,10.3438795993497,0.934595375005481,"why_q"
"education_recodeUniversity Bachelors Degree",0.999069971904568,0.539392648281672,1.85221280840085,0.0639952702464155,-0.05812019225319,2.05626013606233,2.71575492521492,0.943536534839188,7.81668175158275,1,"why_q"
"education_recodeVocational",1.06706310141364,0.570327714461147,1.87096484066501,0.0613499545126653,-0.050758678315252,2.18488488114253,2.90682988686344,0.950508021054694,8.8896251309765,1,"why_q"
"(Intercept)",-1.07457941720986,0.227287059028874,-4.72785129871096,2.26908259169678e-06,-1.52005386705848,-0.629104967361236,0.34144132945348,0.218700105903518,0.533068701440827,7.26106429342969e-05,"whether_q"
"genderFemale",-0.0105237766915368,0.0611155026477646,-0.172194880768467,0.863284322326062,-0.130307960778218,0.109260407395144,0.98953140450522,0.877825053603247,1.11545278467825,1,"whether_q"
"genderNon-binary / third gender",-0.0387086961799287,0.225868982188717,-0.171376768092872,0.863927520904612,-0.481403766494532,0.403986374134675,0.96203091161194,0.617915373803185,1.49778353822232,1,"whether_q"
"genderPrefer not to say",0.0332899260930423,0.77562151535477,0.042920323165372,0.965765048133962,-1.48690030963669,1.55348016182277,1.03385023595396,0.226072324806805,4.72789542592382,1,"whether_q"
"age_group25-34 years old",-0.217195747609502,0.0895861718330961,-2.42443385140007,0.0153322762591318,-0.392781417915187,-0.0416100773038167,0.804772421607989,0.675176312904069,0.95924373856523,0.490632840292217,"whether_q"
"age_group35-44 years old",0.026309636242935,0.10089978743035,0.260750165218101,0.794285177580587,-0.171450313168298,0.224069585654168,1.02665879003379,0.842442125260235,1.25115807905268,1,"whether_q"
"age_group45-54 years old",0.0332014840212124,0.109612810616106,0.302897844098652,0.761967714385995,-0.181635677030565,0.24803864507299,1.0337588041404,0.833905095860583,1.28150945526354,1,"whether_q"
"age_group55-64 years old",-0.0692419912179015,0.113358723658498,-0.610821902216353,0.541317491928368,-0.291421006921985,0.152937024486182,0.933100850543674,0.747201034981448,1.16525159431417,1,"whether_q"
"age_group65+ years old",0.0378727310281967,0.151191684028267,0.250494802486067,0.802204723624775,-0.258457524429166,0.33420298648556,1.03859904303452,0.772241831765191,1.39682665173234,1,"whether_q"
"birth_regionAfrica",0.129143998257505,0.164043076923287,0.787256619905378,0.431131658433023,-0.192374524425271,0.45066252094028,1.13785396135704,0.82499782878616,1.56935156942274,1,"whether_q"
"birth_regionAmericas",-0.186561628251505,0.0824066133335454,-2.26391573084537,0.0235792982335078,-0.348075622473172,-0.0250476340298381,0.829807420795062,0.706045481290014,0.975263455193354,0.754537543472249,"whether_q"
"birth_regionAsia",-0.134154697227242,0.174533051056361,-0.768649241019225,0.442101565330841,-0.4762331914096,0.207923796955117,0.874454778409836,0.621118625830596,1.23111935093113,1,"whether_q"
"birth_regionOceania",-0.165557663031586,0.107276372518779,-1.54328170448349,0.122762440692116,-0.375815489560495,0.0447001634973224,0.847420996932335,0.686729030028635,1.04571426958876,1,"whether_q"
"birth_regionPrefer not to say",-0.627007717877088,0.578415198483937,-1.08400975548449,0.278360473438564,-1.76068067501619,0.506665239262015,0.534187852659386,0.171927797029323,1.65974709651038,1,"whether_q"
"religion_mainChristian",-0.0639704570991335,0.0723979814573832,-0.883594484423429,0.376915157527903,-0.205867893309003,0.0779269791107363,0.938032711328784,0.813940596179545,1.08104371701437,1,"whether_q"
"religion_mainJewish",-0.162374929602644,0.206369698057322,-0.786815754111061,0.431389729802435,-0.5668521052954,0.242102246090113,0.850122408724072,0.567308458139699,1.27392443995054,1,"whether_q"
"religion_mainMuslim",-0.418396492548873,0.227058616560947,-1.8426805328331,0.0653756679537105,-0.863423203387819,0.026630218290073,0.658101244449317,0.421715988991897,1.02698797117238,1,"whether_q"
"religion_mainOther",0.000334037304820836,0.202851362772775,0.00164670969055805,0.998686116355579,-0.397247327944688,0.39791540255433,1.00033409310149,0.672167759201969,1.48871808283282,1,"whether_q"
"religion_mainPrefer not to say",0.142643844547858,0.134310147655558,1.06204815524194,0.288213824481156,-0.120599207615292,0.405886896711008,1.15331896767157,0.886389146429808,1.50063281635225,1,"whether_q"
"conversation_typecontroversy guided",0.517108931089401,0.0645478390622044,8.01125085831404,1.135475684656e-15,0.390597491247593,0.64362037093121,1.67717181451335,1.47786354067033,1.90335928723305,3.63352219089921e-14,"whether_q"
"conversation_typevalues guided",0.145793330341728,0.0643472244714992,2.26572834398324,0.0234680210110053,0.019675087872475,0.271911572810981,1.15695705542164,1.01986991808328,1.31247093806389,0.75097667235217,"whether_q"
"ethnicity_mainAsian",-0.356375774308523,0.17414230628085,-2.04646292977063,0.0407108460928608,-0.697688422803732,-0.0150631258133133,0.700209450070135,0.49773452680278,0.9850497555734,1,"whether_q"
"ethnicity_mainBlack",-0.247799820424887,0.165271462052849,-1.49935032550053,0.133782773110375,-0.57172593372075,0.0761262928709751,0.780516171036196,0.564550221097501,1.07909884804348,1,"whether_q"
"ethnicity_mainHispanic",-0.281452884956558,0.127766406001105,-2.20287079965389,0.0276038562555103,-0.531870439152847,-0.0310353307602702,0.754686471923568,0.587505048885643,0.969441321372039,0.88332340017633,"whether_q"
"ethnicity_mainMixed",-0.127436810891909,0.147776249945904,-0.862363275144413,0.38848764315076,-0.417072938556269,0.162199316772451,0.880349042547509,0.658972853662633,1.17609463334751,1,"whether_q"
"ethnicity_mainOther",0.174372239864741,0.205789224575138,0.847334160594368,0.396808891105052,-0.228967228708955,0.577711708438436,1.190498634402,0.795354597875021,1.78195612661275,1,"whether_q"
"ethnicity_mainPrefer not to say",-0.242152824013452,0.149414770263965,-1.6206752758489,0.105087298776073,-0.535000392489149,0.0506947444622463,0.784936211283088,0.585669060275997,1.05200171491576,1,"whether_q"
"education_recodeCompleted Secondary School",0.224934023066377,0.223620027134647,1.00587602080443,0.314475212465566,-0.213353176339401,0.663221222472156,1.25224009450474,0.807870765986431,1.94103477970333,1,"whether_q"
"education_recodeGraduate / Professional degree",0.313557202211968,0.220691709825264,1.42079284473455,0.15537699145329,-0.118990600732112,0.746105005156049,1.36828372937919,0.88781614554452,2.10877035012194,1,"whether_q"
"education_recodeSome University but no degree",0.394106103146523,0.223031840085481,1.76703964328804,0.077221589371765,-0.0430282708267161,0.831240477119761,1.4830578974364,0.95788430950291,2.29616531488012,1,"whether_q"
"education_recodeUniversity Bachelors Degree",0.173743386653207,0.213349614861198,0.814359973259112,0.415438761831866,-0.244414174590233,0.591900947896648,1.18975022085822,0.783163200783679,1.8074209648969,1,"whether_q"
"education_recodeVocational",0.306948388389065,0.234631361169321,1.30821552097444,0.190800219112679,-0.152920629146414,0.766817405924544,1.35927081210526,0.858197835002967,2.15290352094036,1,"whether_q"
"(Intercept)",-0.887335094194847,0.229590448892087,-3.86486066156835,0.000111152635311274,-1.33732410521772,-0.437346083171972,0.411751571129636,0.262547278336934,0.645747910249326,0.00355688432996076,"which_q"
"genderFemale",-0.305502264876517,0.0727806522433097,-4.19757525468728,2.69788020645662e-05,-0.448149722044739,-0.162854807708296,0.736753236172505,0.638809033076937,0.849714551461713,0.000863321666066118,"which_q"
"genderNon-binary / third gender",-0.42336416643907,0.261330379170216,-1.62003425619076,0.10522491846669,-0.93556229767889,0.0888339648007495,0.654840118890748,0.392365177462574,1.09289918152778,1,"which_q"
"genderPrefer not to say",2.41396581122895,1.10222960993932,2.19007527057982,0.0285187783674527,0.253635473054243,4.57429614940365,11.1782040046253,1.28870195204954,96.9597699222063,0.912600907758487,"which_q"
"age_group25-34 years old",-0.286196767700813,0.0994318838795061,-2.87831987622434,0.00399799521636482,-0.481079679019614,-0.0913138563820127,0.751114806271801,0.618115664890557,0.912731199427888,0.127935846923674,"which_q"
"age_group35-44 years old",-0.566222813075668,0.125865904789276,-4.49861949527663,6.83961485754306e-06,-0.812915453344196,-0.31953017280714,0.567665573291703,0.443562992067547,0.726490281794124,0.000218867675441378,"which_q"
"age_group45-54 years old",-0.544186654589601,0.129314569335733,-4.2082393142938,2.57368216189558e-05,-0.797638553163945,-0.290734756015258,0.580313586836678,0.450391284390646,0.747713978353009,0.000823578291806586,"which_q"
"age_group55-64 years old",-0.809786399983767,0.150599878525415,-5.37707206614452,7.57068766453407e-08,-1.10495673796969,-0.514616061997846,0.444953098062148,0.33122521140716,0.597730041846757,2.4226200526509e-06,"which_q"
"age_group65+ years old",-0.578942661998926,0.17229714329857,-3.36014080625636,0.000779027575874226,-0.91663885750326,-0.241246466494591,0.560490681468457,0.399860773983836,0.785647966623688,0.0249288824279752,"which_q"
"birth_regionAfrica",-0.11207903199558,0.224465969167559,-0.499314138402491,0.617558096405296,-0.552024247318875,0.327866183327714,0.893973602190602,0.575783102524713,1.38800322188916,1,"which_q"
"birth_regionAmericas",0.0312829108491361,0.0942634944690079,0.331866657663761,0.739989948207999,-0.15347014336701,0.216035965065282,1.03177736360949,0.857726372638049,1.24114701613144,1,"which_q"
"birth_regionAsia",0.186207227029267,0.173656803999414,1.0722714154632,0.28359814178833,-0.154153854479917,0.52656830853845,1.20467187508719,0.857140136016327,1.69311208943138,1,"which_q"
"birth_regionOceania",-0.0381314066671329,0.14107644568218,-0.270288966260435,0.786937953217636,-0.314636159271128,0.238373345936862,0.962586442303792,0.730054449495606,1.26918294867902,1,"which_q"
"birth_regionPrefer not to say",0.212454002205712,0.803813070671668,0.264307722724868,0.791542809942047,-1.36299066661331,1.78789867102473,1.23670922636036,0.255894336791736,5.97687987057571,1,"which_q"
"religion_mainChristian",0.0886182433461069,0.0827192747202774,1.07131310865306,0.284028667615004,-0.0735085559329113,0.250745042625125,1.09266344515417,0.929128196198999,1.28498242681732,1,"which_q"
"religion_mainJewish",0.308638189926264,0.22859365596345,1.35016078475779,0.176964414083094,-0.139397142856437,0.756673522708966,1.3615696517574,0.869882492231441,2.13117511059587,1,"which_q"
"religion_mainMuslim",0.0425046111925358,0.278574443585656,0.152579004180857,0.878730283344192,-0.503491265248634,0.588500487633706,1.0434208677771,0.604416792480899,1.8012853396146,1,"which_q"
"religion_mainOther",0.216256229264498,0.249604546756137,0.866395392531772,0.386273369772021,-0.272959692754973,0.70547215128397,1.24142042649521,0.761123465800685,2.02480247235357,1,"which_q"
"religion_mainPrefer not to say",-0.356328920581867,0.214866363360808,-1.65837460553801,0.0972418789667225,-0.777459254258148,0.0648014130944142,0.700242258260897,0.459572185274919,1.06694712161703,1,"which_q"
"conversation_typecontroversy guided",0.0702508777821735,0.0749539340418243,0.937254043836757,0.348627896164341,-0.0766561334393929,0.21715788900374,1.07277728348257,0.926208290912789,1.24254027009633,1,"which_q"
"conversation_typevalues guided",-0.170811332597684,0.0754828150239031,-2.26291683138199,0.0236408166339527,-0.318754931496233,-0.0228677336991349,0.842980601429727,0.727053705438969,0.977391751215655,0.756506132286486,"which_q"
"ethnicity_mainAsian",-0.0263916745120441,0.17348865628779,-0.152123343835603,0.87908965276038,-0.36642319256236,0.313639843538272,0.973953542114051,0.693209378073931,1.36839681083388,1,"which_q"
"ethnicity_mainBlack",-0.2831990715173,0.215949736968447,-1.31141197712447,0.189718614526565,-0.706452778446355,0.140054635411754,0.753369798462036,0.493391265141075,1.15033664625669,1,"which_q"
"ethnicity_mainHispanic",0.0397741625052842,0.140321564492588,0.283450107252653,0.776831822546974,-0.235251050154503,0.314799375165071,1.04057574663469,0.790372401606037,1.36998443048377,1,"which_q"
"ethnicity_mainMixed",-0.319857757994944,0.163964179278578,-1.95077826999945,0.051083427862006,-0.641221644135626,0.00150612814573714,0.726252333315052,0.526648653654681,1.00150726292637,1,"which_q"
"ethnicity_mainOther",0.30181866917387,0.232921039614027,1.295798222754,0.195045010540083,-0.15469817971125,0.758335518058991,1.3523159879002,0.856673699971475,2.13472005874745,1,"which_q"
"ethnicity_mainPrefer not to say",-0.212392039916698,0.170264274963734,-1.24742574425514,0.212241431803455,-0.546103886699442,0.121319806866045,0.808647613272765,0.579202056865172,1.12898591208553,1,"which_q"
"education_recodeCompleted Secondary School",-0.121708330638945,0.230523442125107,-0.527965093341324,0.597523563811429,-0.573525974796357,0.330109313518467,0.885406576815603,0.563534921574848,1.39112018839493,1,"which_q"
"education_recodeGraduate / Professional degree",0.0389723980127065,0.224402107960551,0.173672156500231,0.862123120845733,-0.400847651644841,0.478792447670254,1.03974178431456,0.669752088894956,1.61412408557516,1,"which_q"
"education_recodeSome University but no degree",-0.388570202577146,0.228024316741699,-1.70407353097043,0.0883673509032048,-0.835489650990229,0.0583492458359368,0.678025621063083,0.433662086367493,1.06008516139547,1,"which_q"
"education_recodeUniversity Bachelors Degree",-0.0419562648311774,0.216306869907229,-0.193966399907557,0.846202191209367,-0.465909939457937,0.381997409795582,0.958911717821276,0.627563800238392,1.46520828993906,1,"which_q"
"education_recodeVocational",-0.165942531499768,0.246159267153955,-0.67412668805186,0.500230773537609,-0.648405829582293,0.316520766582757,0.847094914064872,0.52287867040583,1.37234474085094,1,"which_q"
"(Intercept)",-0.465706807847306,0.204225827382222,-2.28035216611318,0.0225868101808882,-0.865982074229355,-0.0654315414652568,0.627691291232195,0.420638251727555,0.93666316715278,0.722777925788422,"whathow_q"
"genderFemale",0.101113027781125,0.0626790986892811,1.61318573329161,0.106704162038092,-0.0217357482332976,0.223961803795548,1.10640168882432,0.978498770919357,1.25102323417653,1,"whathow_q"
"genderNon-binary / third gender",0.132077133225779,0.244327221053791,0.540574777775993,0.588800706514241,-0.346795420482407,0.610949686933965,1.14119634002748,0.706949940942729,1.8421800626441,1,"whathow_q"
"genderPrefer not to say",-11.9652003545629,0.138302064649975,-86.5149799812845,0,-12.2362674202644,-11.6941332888614,6.36179266627183e-06,4.8512826684221e-06,8.34261961111284e-06,0,"whathow_q"
"age_group25-34 years old",0.160122882080544,0.0931858403062146,1.718317735338,0.0857386761748968,-0.0225180087887379,0.342763772949825,1.17365508330955,0.977733629236417,1.4088359174616,1,"whathow_q"
"age_group35-44 years old",0.102686296598447,0.107733573826913,0.953150377833233,0.3405138842618,-0.10846762802809,0.313840221224984,1.10814372608791,0.897207938737054,1.36867103449458,1,"whathow_q"
"age_group45-54 years old",0.140483883874701,0.109834200887241,1.27905409007278,0.200878008994076,-0.0747871941350284,0.355754961884429,1.15083053248633,0.927940936592175,1.42725777285635,1,"whathow_q"
"age_group55-64 years old",0.245083490474043,0.121584187722524,2.01575134945479,0.0438259831551372,0.00678286144833851,0.483384119499747,1.27772798686703,1.00680591715145,1.62155265539394,1,"whathow_q"
"age_group65+ years old",0.207529240546314,0.153601844251818,1.35108560419422,0.176668012366585,-0.0935248421461803,0.508583323238809,1.23063370071572,0.910715393020259,1.66293368591781,1,"whathow_q"
"birth_regionAfrica",0.00290517707684903,0.203972376119476,0.0142429927626442,0.988636120194519,-0.396873333958382,0.40268368811208,1.00290940119338,0.672419192916117,1.49583366685303,1,"whathow_q"
"birth_regionAmericas",0.280247543261249,0.0822881599998152,3.40568489150661,0.000659983070693954,0.118965713307542,0.441529373214956,1.32345738474874,1.12633129945143,1.55508370414552,0.0211194582622065,"whathow_q"
"birth_regionAsia",-0.167110384142911,0.161135003613994,-1.03708306944425,0.299697144833401,-0.482929187875071,0.148708419589248,0.846106209473496,0.616973511032062,1.16033460903706,1,"whathow_q"
"birth_regionOceania",0.255306112375427,0.107861696866784,2.36697659865992,0.0179340667370021,0.0439010712051545,0.4667111535457,1.29085670761244,1.04487898115684,1.59474070168696,0.573890135584066,"whathow_q"
"birth_regionPrefer not to say",1.04225344949587,0.330663888114932,3.15200264364399,0.00162154805207562,0.394164137802618,1.69034276118911,2.83559970083611,1.48314396868898,5.42133861117293,0.0518895376664199,"whathow_q"
"religion_mainChristian",0.104665661509524,0.0735160803579202,1.42371112551089,0.154530111796927,-0.0394232082765524,0.2487545312956,1.11033931911882,0.961343774401426,1.28242719868745,1,"whathow_q"
"religion_mainJewish",0.126000282835355,0.23839443796217,0.528537007458831,0.597126668364836,-0.341244229685166,0.593244795355876,1.13428248909817,0.710885267718068,1.8098514957339,1,"whathow_q"
"religion_mainMuslim",0.148175475528987,0.178819713044521,0.828630540817918,0.407313500730505,-0.202304721764062,0.498655672822035,1.15971638035454,0.816845979266354,1.64650633901704,1,"whathow_q"
"religion_mainOther",-0.133925376713591,0.220959204225974,-0.606109065167639,0.544442331718142,-0.566997459049131,0.29914670562195,0.874655331823413,0.56722600371846,1.34870747192831,1,"whathow_q"
"religion_mainPrefer not to say",0.109422051358838,0.166452696087505,0.657376263231655,0.510939010393699,-0.216819238102262,0.435663340819939,1.11563310546117,0.80507548312508,1.54598823599694,1,"whathow_q"
"conversation_typecontroversy guided",-1.4532720998687,0.068378016907537,-21.2534987938283,3.0599214416283e-100,-1.58729055034175,-1.31925364939566,0.233804005045947,0.204478887110654,0.267334752980847,9.79174861321056e-99,"whathow_q"
"conversation_typevalues guided",-0.439648050532503,0.0562185179773467,-7.82034223509163,5.26799173033692e-15,-0.54983432103232,-0.329461780032686,0.64426312925116,0.577045406748409,0.719310776688097,1.68575735370782e-13,"whathow_q"
"ethnicity_mainAsian",0.553455072584148,0.142046278288228,3.89630111576119,9.76729430052163e-05,0.275049483001267,0.831860662167029,1.73925189015276,1.31659582236851,2.29758980395222,0.00312553417616692,"whathow_q"
"ethnicity_mainBlack",0.487915912326482,0.191072290700997,2.55356708466958,0.0106625736414876,0.113421104108961,0.862410720544003,1.62891787229935,1.12010351384143,2.36886448610131,0.341202356527603,"whathow_q"
"ethnicity_mainHispanic",-0.0551468648284077,0.125180037775339,-0.440540407308232,0.659545753195976,-0.300495230451436,0.19020150079462,0.94634615278164,0.740451435768883,1.20949328696304,1,"whathow_q"
"ethnicity_mainMixed",0.0403936132191974,0.169457617460242,0.238370005577793,0.811594129082512,-0.291737213908843,0.372524440347238,1.04122053170949,0.746964802144805,1.45139395128182,1,"whathow_q"
"ethnicity_mainOther",0.0133564303951727,0.212711133845783,0.0627914023760329,0.949932612270138,-0.403549731053241,0.430262591843586,1.01344602595955,0.667944808374176,1.53766124784049,1,"whathow_q"
"ethnicity_mainPrefer not to say",0.207237172648676,0.168586326265966,1.22926442042359,0.218972682573159,-0.123185955118537,0.537660300415888,1.23027432460165,0.884099244494296,1.71199661485948,1,"whathow_q"
"education_recodeCompleted Secondary School",-0.180497577894433,0.206401939481207,-0.874495551486169,0.381848441757217,-0.585037945616813,0.224042789827948,0.834854702800718,0.557084722487692,1.25112455368739,1,"whathow_q"
"education_recodeGraduate / Professional degree",-0.120680527027698,0.204388514375706,-0.590446715640114,0.554891199022575,-0.521274654057729,0.279913600002333,0.886317068715956,0.593763222707719,1.32301549886315,1,"whathow_q"
"education_recodeSome University but no degree",-0.171558894957208,0.205893848516287,-0.833239536749138,0.404709648736014,-0.575103422687475,0.231985632773059,0.84235065635324,0.562646675366481,1.26110161016514,1,"whathow_q"
"education_recodeUniversity Bachelors Degree",-0.183464096649831,0.195342996677279,-0.939189526988404,0.347633445156053,-0.566329334769425,0.199401141469763,0.832381760495231,0.567605107813848,1.22067152967265,1,"whathow_q"
"education_recodeVocational",-0.234021212564755,0.21638178415754,-1.08151993235425,0.279465899143582,-0.658121716424053,0.190079291294542,0.791345029259864,0.517823040148192,1.20934548442472,1,"whathow_q"
"(Intercept)",-2.96143989568134,0.333646185511364,-8.8759890695063,6.93146515428553e-19,-3.61537440286278,-2.3075053884999,0.0517443570299731,0.0269068493297078,0.0995091789319654,2.21806884937137e-17,"hobsons_c"
"genderFemale",0.279473608470064,0.107816088904529,2.59213268919018,0.0095382975220394,0.0681579572632188,0.490789259676909,1.32243351129078,1.07053439380732,1.63360504987159,0.305225520705261,"hobsons_c"
"genderNon-binary / third gender",0.670421472176554,0.347029098651992,1.93188834821274,0.0533732882379166,-0.00974306276874803,1.35058600712186,1.95506115089154,0.990304247094984,3.85968667198773,1,"hobsons_c"
"genderPrefer not to say",-12.0772445377231,0.20585961543087,-58.667381226984,0,-12.4807219698389,-11.6737671056074,5.68747290461012e-06,3.79919266706698e-06,8.51426891851914e-06,0,"hobsons_c"
"age_group25-34 years old",0.248084279385369,0.155277434160323,1.59768404679603,0.110113310943284,-0.0562538991806538,0.552422457951391,1.28156793740072,0.945299094752931,1.73745684015789,1,"hobsons_c"
"age_group35-44 years old",0.27891703501452,0.181645846862458,1.53549910351496,0.124661277121884,-0.077102282777176,0.634936352806217,1.32169768469145,0.925795155863966,1.88690204161688,1,"hobsons_c"
"age_group45-54 years old",-0.0116183959141313,0.201526192732305,-0.0576520389563676,0.954025797478304,-0.406602475610927,0.383365683782665,0.988448837016173,0.665908852703005,1.46721446851583,1,"hobsons_c"
"age_group55-64 years old",0.20953261841038,0.207329996330143,1.01062375015301,0.312196544107165,-0.196826707311522,0.615891944132282,1.23310159626875,0.821332951976293,1.85130712588825,1,"hobsons_c"
"age_group65+ years old",-0.183139910660133,0.2765667652654,-0.66219059431956,0.507849081346367,-0.725200809901059,0.358920988580793,0.832651650745019,0.484227321551038,1.43178366984262,1,"hobsons_c"
"birth_regionAfrica",-6.92403081170953e-05,0.360434574076273,-0.00019210229289059,0.99984672454735,-0.706508024280646,0.706369543664412,0.999930762088938,0.493364008081927,2.02662033020806,1,"hobsons_c"
"birth_regionAmericas",-0.246059409564416,0.147142988733904,-1.67224691901151,0.0944756419589252,-0.53445436806045,0.0423355489316191,0.781875772646556,0.585988937212405,1.04324447959682,1,"hobsons_c"
"birth_regionAsia",-0.152713363695518,0.279637177857727,-0.546112519320357,0.584988594611424,-0.700792161035084,0.395365433644048,0.858375728199116,0.4961920840304,1.48492673397067,1,"hobsons_c"
"birth_regionOceania",-0.143685613633428,0.204690619134722,-0.701964820082243,0.482701103073377,-0.544871855110687,0.257500627843832,0.866160014158309,0.579916091862018,1.29369262321699,1,"hobsons_c"
"birth_regionPrefer not to say",-11.9666953393162,0.282167461506374,-42.4099053641092,0,-12.5197334014778,-11.4136572771547,6.35228898892841e-06,3.6538344721803e-06,1.10436243639638e-05,0,"hobsons_c"
"religion_mainChristian",-0.361316645602197,0.131734009849556,-2.74277421612559,0.00609225591520574,-0.619510560446371,-0.103122730758022,0.6967583380696,0.538207793323186,0.902016261548247,0.194952189286584,"hobsons_c"
"religion_mainJewish",-0.40428867593371,0.465263895583546,-0.868944871440413,0.384877284842597,-1.31618915458426,0.507611802716844,0.667451416294818,0.268155255515022,1.66131889624293,1,"hobsons_c"
"religion_mainMuslim",-0.519707467476882,0.493068567623163,-1.05402676544995,0.291870663182831,-1.48610410192703,0.446689166973269,0.594694490006749,0.226252397012682,1.5631283518493,1,"hobsons_c"
"religion_mainOther",0.208877095449347,0.35787593637019,0.583657838433937,0.559450538532857,-0.492546850769774,0.910301041668468,1.23229353473949,0.611068111379993,2.48507053056879,1,"hobsons_c"
"religion_mainPrefer not to say",-0.24276984857714,0.301894175873895,-0.804155455713557,0.421307200682922,-0.834471560432375,0.348931863278094,0.784452035749257,0.434103818466408,1.41755259966407,1,"hobsons_c"
"conversation_typecontroversy guided",1.48783328812781,0.112885390333929,13.180034048043,1.14339211301658e-39,1.26658198869256,1.70908458756306,4.42749201923017,3.54870230472135,5.52390251339667,3.65885476165305e-38,"hobsons_c"
"conversation_typevalues guided",1.06629170063683,0.111722570596328,9.54410281597905,1.37290762376414e-21,0.847319486007795,1.28526391526587,2.9045884206762,2.33338379366033,3.61562204916658,4.39330439604525e-20,"hobsons_c"
"ethnicity_mainAsian",-0.092916302713212,0.257885223368378,-0.3603009955343,0.718622054917327,-0.5983620526603,0.412529447233876,0.911269767911506,0.549711297251023,1.51063402564617,1,"hobsons_c"
"ethnicity_mainBlack",-0.527455133565596,0.387988330968219,-1.35946133289457,0.174000447319615,-1.28789828868511,0.232988021553921,0.590104798331161,0.275849931197111,1.26236635804934,1,"hobsons_c"
"ethnicity_mainHispanic",0.235270538203863,0.212703996786785,1.10609364073068,0.26868599091987,-0.18162163486596,0.652162711273686,1.26525102117333,0.833916805775421,1.91968807379003,1,"hobsons_c"
"ethnicity_mainMixed",0.276789259170386,0.241732618052122,1.14502238630744,0.252199884135816,-0.196997966100351,0.750576484441122,1.31888839811068,0.821192303533697,2.11822078602759,1,"hobsons_c"
"ethnicity_mainOther",-0.798455937398543,0.591077918288905,-1.35084717715385,0.176744392063072,-1.95694736930171,0.360035494504619,0.450023292071432,0.141289066627598,1.43338029078077,1,"hobsons_c"
"ethnicity_mainPrefer not to say",0.0253872167545311,0.241441304512893,0.105148606638577,0.916257890522534,-0.447829044471108,0.49860347798017,1.02571221659393,0.639013917656867,1.64642040212179,1,"hobsons_c"
"education_recodeCompleted Secondary School",-0.205203987591923,0.349408364724428,-0.58728985424766,0.557009053953446,-0.890031798348837,0.479623823164992,0.81448115541504,0.410642694785079,1.61546658676935,1,"hobsons_c"
"education_recodeGraduate / Professional degree",-0.650745206750373,0.343325149856157,-1.89541956662079,0.0580368384808014,-1.32365013545526,0.022159721954511,0.52165688964282,0.266161999352631,1.02240707228566,1,"hobsons_c"
"education_recodeSome University but no degree",-0.115023879223575,0.344619096348233,-0.333771054600367,0.738552327145935,-0.79046489645085,0.5604171380037,0.891344859029528,0.453633853484638,1.7514029246613,1,"hobsons_c"
"education_recodeUniversity Bachelors Degree",-0.187813907784487,0.324118339056346,-0.579460910269064,0.562278215110299,-0.823074179063868,0.447446363494893,0.828768920327839,0.439079767770278,1.56431239542044,1,"hobsons_c"
"education_recodeVocational",-0.135758862416985,0.356833651934714,-0.38045420234587,0.703608286332429,-0.835139968680926,0.563622243846956,0.873053133030246,0.433813756844007,1.75702536184903,1,"hobsons_c"
